Workbook

Sheet Sales_Data
A1: Emp_ID | B1: Emp_Name | C1: Gender | D1: Department | E1: Region | F1: Month | G1: Sales_Amount
A2: E1001 | B2: Anil Kumar | C2: Male | D2: Sales | E2: North | F2: Jan | G2: 30000
A3: E1002 | B3: Kavya | C3: Female | D3: HR | E3: South | F3: Feb | G3: 35000
A4: E1003 | B4: Suresh Rao | C4: Male | D4: Finance | E4: East | F4: Mar | G4: 40000
A5: E1004 | B5: Priya Sharma | C5: Female | D5: HR | E5: West | F5: Apr | G5: 45000
A6: E1005 | B6: Ramesh Naidu | C6: Male | D6: Sales | E6: North | F6: May | G6: 50000
A7: E1006 | B7: Divya Patel | C7: Female | D7: Marketing | E7: South | F7: Jun | G7: 55000
A8: E1007 | B8: Vijay Kumar | C8: Male | D8: Finance | E8: East | F8: Jan | G8: 60000
A9: E1008 | B9: Sneha Iyer | C9: Female | D9: HR | E9: West | F9: Feb | G9: 65000
A10: E1009 | B10: Arun Prakash | C10: Male | D10: Marketing | E10: North | F10: Mar | G10: 70000
A11: E1010 | B11: Meena Nair | C11: Female | D11: Marketing | E11: South | F11: Apr | G11: 75000
A12: E1011 | B12: Rahul Verma | C12: Male | D12: Finance | E12: East | F12: May | G12: 80000
A13: E1012 | B13: Pooja Singh | C13: Female | D13: HR | E13: West | F13: Jun | G13: 85000
... A151: E1150 | B151: Amitha N | C151: Female | D151: Marketing | E151: South | F151: Jun | G151: 60000

Sheet Incentive_Master
A1: Sales_From | B1: Sales_To | C1: Sales_Amount | D1: Incentive_% | E1: Incentive_Amount | F1: Employee Master Lookup | G1: Incentive Master Lookup
A2: 0 | B2: 9999 | C2: 30000 | D2: 0.02 | E2: =C2*D2 -> 600 | F2: =VLOOKUP(C2, Incentive_Master!A:C, 3, TRUE) -> 45000 | G2: =_xlfn.XLOOKUP(C2, Incentive_Master!A:A, Incentive_Master!D:D,"", 1) -> 0.03
A3: 10000 | B3: 19999 | C3: 35000 | D3: 0.02 | E3: =C3*D3 -> 700 | F3: =VLOOKUP(C3, Incentive_Master!A:C, 3, TRUE) -> 45000 | G3: =_xlfn.XLOOKUP(C3, Incentive_Master!A:A, Incentive_Master!D:D,"", 1) -> 0.03
A4: 20000 | B4: 29999 | C4: 40000 | D4: 0.02 | E4: =C4*D4 -> 800 | F4: =VLOOKUP(C4, Incentive_Master!A:C, 3, TRUE) -> 50000 | G4: =_xlfn.XLOOKUP(C4, Incentive_Master!A:A, Incentive_Master!D:D,"", 1) -> 0.03
A5: 30000 | B5: 39999 | C5: 45000 | D5: 0.03 | E5: =C5*D5 -> 1350 | F5: =VLOOKUP(C5, Incentive_Master!A:C, 3, TRUE) -> 50000 | G5: =_xlfn.XLOOKUP(C5, Incentive_Master!A:A, Incentive_Master!D:D,"", 1) -> 0.04
A6: 40000 | B6: 49999 | C6: 50000 | D6: 0.03 | E6: =C6*D6 -> 1500 | F6: =VLOOKUP(C6, Incentive_Master!A:C, 3, TRUE) -> 55000 | G6: =_xlfn.XLOOKUP(C6, Incentive_Master!A:A, Incentive_Master!D:D,"", 1) -> 0.04
A7: 50000 | B7: 59999 | C7: 55000 | D7: 0.04 | E7: =C7*D7 -> 2200 | F7: =VLOOKUP(C7, Incentive_Master!A:C, 3, TRUE) -> 55000 | G7: =_xlfn.XLOOKUP(C7, Incentive_Master!A:A, Incentive_Master!D:D,"", 1) -> 0.04
A8: 60000 | B8: 69999 | C8: 60000 | D8: 0.04 | E8: =C8*D8 -> 2400 | F8: =VLOOKUP(C8, Incentive_Master!A:C, 3, TRUE) -> 60000 | G8: =_xlfn.XLOOKUP(C8, Incentive_Master!A:A, Incentive_Master!D:D,"", 1) -> 0.04
A9: 70000 | B9: 79999 | C9: 65000 | D9: 0.05 | E9: =C9*D9 -> 3250 | F9: =VLOOKUP(C9, Incentive_Master!A:C, 3, TRUE) -> 60000 | G9: =_xlfn.XLOOKUP(C9, Incentive_Master!A:A, Incentive_Master!D:D,"", 1) -> 0.05
A10: 80000 | B10: 89999 | C10: 70000 | D10: 0.05 | E10: =C10*D10 -> 3500 | F10: =VLOOKUP(C10, Incentive_Master!A:C, 3, TRUE) -> 65000 | G10: =_xlfn.XLOOKUP(C10, Incentive_Master!A:A, Incentive_Master!D:D,"", 1) -> 0.05
A11: 90000 | B11: 99999 | C11: 75000 | D11: 0.06 | E11: =C11*D11 -> 4500 | F11: =VLOOKUP(C11, Incentive_Master!A:C, 3, TRUE) -> 65000 | G11: =_xlfn.XLOOKUP(C11, Incentive_Master!A:A, Incentive_Master!D:D,"", 1) -> 0.05
A12: 100000 | B12: 109999 | C12: 80000 | D12: 0.06 | E12: =C12*D12 -> 4800 | F12: =VLOOKUP(C12, Incentive_Master!A:C, 3, TRUE) -> 70000 | G12: =_xlfn.XLOOKUP(C12, Incentive_Master!A:A, Incentive_Master!D:D,"", 1) -> 0.05
A13: 110000 | B13: 119999 | C13: 85000 | D13: 0.07 | E13: =C13*D13 -> 5950 | F13: =VLOOKUP(C13, Incentive_Master!A:C, 3, TRUE) -> 70000 | G13: =_xlfn.XLOOKUP(C13, Incentive_Master!A:A, Incentive_Master!D:D,"", 1) -> 0.06
... A151: 1490000 | B151: 1499999 | C151: 60000 | D151: 0.76 | E151: =C151*D151 -> 45600 | F151: =VLOOKUP(C151, Incentive_Master!A:C, 3, TRUE) -> 60000 | G151: =_xlfn.XLOOKUP(C151, Incentive_Master!A:A, Incentive_Master!D:D,"", 1) -> 0.04

Sheet Department-wise_Sales
A1: Department | B1: Total Sales
A2: HR | B2: =SUMIF(Sales_Data!D:D, A2, Sales_Data!G:G) -> 2215000
A3: Finance | B3: =SUMIF(Sales_Data!D:D, A3, Sales_Data!G:G) -> 2190000
A4: Sales | B4: =SUMIF(Sales_Data!D:D, A4, Sales_Data!G:G) -> 2195000
A5: Marketing | B5: =SUMIF(Sales_Data!D:D, A5, Sales_Data!G:G) -> 2295000

Sheet Region_wise_Sales
A1: Region | B1: Total Sales
A2: North | B2: =SUMIF(Sales_Data!E:E, A2, Sales_Data!G:G) -> 2265000
A3: South | B3: =SUMIF(Sales_Data!E:E, A3, Sales_Data!G:G) -> 2260000
A4: East | B4: =SUMIF(Sales_Data!E:E, A4, Sales_Data!G:G) -> 2190000
A5: West | B5: =SUMIF(Sales_Data!E:E, A5, Sales_Data!G:G) -> 2180000

Sheet Gender_wise_Sales
A1: Gender | B1: Total Sales
A2: Male | B2: =SUMIF(Sales_Data!C:C, A2, Sales_Data!G:G) -> 4455000
A3: Female | B3: =SUMIF(Sales_Data!C:C, A3, Sales_Data!G:G) -> 4440000

Sheet Month_wise_Sales
A1: Month | B1: Total_Sales
A2: Jan | B2: =SUMIF(Sales_Data!F:F, A2, Sales_Data!G:G) -> 1495000
A3: Feb | B3: =SUMIF(Sales_Data!F:F, A3, Sales_Data!G:G) -> 1490000
A4: March | B4: =SUMIF(Sales_Data!F:F, A4, Sales_Data!G:G) -> 0
A5: April | B5: =SUMIF(Sales_Data!F:F, A5, Sales_Data!G:G) -> 0
A6: May | B6: =SUMIF(Sales_Data!F:F, A6, Sales_Data!G:G) -> 1475000
A7: June | B7: =SUMIF(Sales_Data!F:F, A7, Sales_Data!G:G) -> 0

Sheet Sheet4
